month,division,line,day_type,period,num_timepoints_passing_wait _assessment,num_sched_timepoints,wait assessment
2025-01-01,A DIVISION,1,1,offpeak,22224,27641,0.804023
2025-01-01,A DIVISION,1,2,offpeak,6463,8111,0.79681915
2025-01-01,A DIVISION,1,1,peak,13911,17863,0.77876055
2025-01-01,A DIVISION,1,2,peak,3027,3755,0.80612516
2025-01-01,A DIVISION,2,1,offpeak,20620,30150,0.68391377
2025-01-01,A DIVISION,2,2,offpeak,6787,9539,0.71150017
2025-01-01,A DIVISION,2,1,peak,12271,18858,0.6507053
2025-01-01,A DIVISION,2,2,peak,3575,4847,0.73756963
2025-01-01,A DIVISION,3,1,offpeak,17459,23850,0.73203355
2025-01-01,A DIVISION,3,2,offpeak,6088,7618,0.7991599
2025-01-01,A DIVISION,3,1,peak,10663,15272,0.6982059
2025-01-01,A DIVISION,3,2,peak,3099,3694,0.838928
2025-01-01,A DIVISION,4,1,offpeak,25096,32862,0.76367843
2025-01-01,A DIVISION,4,2,offpeak,8133,10354,0.78549355
2025-01-01,A DIVISION,4,1,peak,15930,23669,0.6730322
2025-01-01,A DIVISION,4,2,peak,4398,5576,0.7887375
2025-01-01,A DIVISION,5,1,offpeak,17530,24814,0.706456
2025-01-01,A DIVISION,5,2,offpeak,3067,3680,0.8334239
2025-01-01,A DIVISION,5,1,peak,13189,20773,0.6349107
2025-01-01,A DIVISION,5,2,peak,1597,1910,0.8361257
2025-01-01,A DIVISION,6,1,offpeak,24055,31038,0.77501774
2025-01-01,A DIVISION,6,2,offpeak,6162,7717,0.79849684
2025-01-01,A DIVISION,6,1,peak,14898,20842,0.7148066
2025-01-01,A DIVISION,6,2,peak,3105,3816,0.8136792
2025-01-01,A DIVISION,7,1,offpeak,14914,18730,0.7962627
2025-01-01,A DIVISION,7,2,offpeak,3086,3726,0.828234
2025-01-01,A DIVISION,7,1,peak,10875,15180,0.7164032
2025-01-01,A DIVISION,7,2,peak,1793,2058,0.8712342
2025-01-01,A DIVISION,GS,1,offpeak,3290,3300,0.9969697
2025-01-01,A DIVISION,GS,2,offpeak,942,951,0.9905363
2025-01-01,A DIVISION,GS,1,peak,2198,2222,0.9891989
2025-01-01,A DIVISION,GS,2,peak,548,550,0.99636364
2025-01-01,B DIVISION,A,1,offpeak,15568,22294,0.6983045
2025-01-01,B DIVISION,A,2,offpeak,4307,5797,0.7429705
2025-01-01,B DIVISION,A,1,peak,10378,16153,0.64248127
2025-01-01,B DIVISION,A,2,peak,2387,3026,0.78883016
2025-01-01,B DIVISION,B,1,offpeak,6540,12161,0.5377847
2025-01-01,B DIVISION,B,1,peak,5145,8956,0.5744752
2025-01-01,B DIVISION,C,1,offpeak,10428,15505,0.67255723
2025-01-01,B DIVISION,C,2,offpeak,1914,2335,0.81970024
2025-01-01,B DIVISION,C,1,peak,5521,8323,0.66334254
2025-01-01,B DIVISION,C,2,peak,1092,1294,0.8438949
2025-01-01,B DIVISION,D,1,offpeak,11395,17421,0.65409565
2025-01-01,B DIVISION,D,2,offpeak,3716,4536,0.819224
2025-01-01,B DIVISION,D,1,peak,6421,10337,0.6211667
2025-01-01,B DIVISION,D,2,peak,1912,2329,0.8209532
2025-01-01,B DIVISION,E,1,offpeak,13763,18791,0.7324251
2025-01-01,B DIVISION,E,2,offpeak,4291,5336,0.8041604
2025-01-01,B DIVISION,E,1,peak,7391,13199,0.5599667
2025-01-01,B DIVISION,E,2,peak,2166,2756,0.78592163
2025-01-01,B DIVISION,F,1,offpeak,18022,30486,0.5911566
2025-01-01,B DIVISION,F,2,offpeak,5553,7076,0.7847654
2025-01-01,B DIVISION,F,1,peak,10130,21311,0.47534138
2025-01-01,B DIVISION,F,2,peak,2902,3568,0.8133408
2025-01-01,B DIVISION,FS,1,offpeak,2744,2784,0.9856322
2025-01-01,B DIVISION,FS,2,offpeak,1078,1092,0.98717946
2025-01-01,B DIVISION,FS,1,peak,1572,1584,0.99242425
2025-01-01,B DIVISION,FS,2,peak,611,621,0.9838969
2025-01-01,B DIVISION,G,1,offpeak,11165,14359,0.7775611
2025-01-01,B DIVISION,G,2,offpeak,4068,5153,0.789443
2025-01-01,B DIVISION,G,1,peak,6078,8118,0.7487066
2025-01-01,B DIVISION,G,2,peak,2020,2681,0.7534502
2025-01-01,B DIVISION,H,1,offpeak,1396,1492,0.93565685
2025-01-01,B DIVISION,H,2,offpeak,438,459,0.95424837
2025-01-01,B DIVISION,H,1,peak,711,756,0.9404762
2025-01-01,B DIVISION,H,2,peak,242,252,0.96031743
2025-01-01,B DIVISION,J,1,offpeak,10558,13233,0.7978538
2025-01-01,B DIVISION,J,2,offpeak,3534,4131,0.85548294
2025-01-01,B DIVISION,J,1,peak,6740,8779,0.7677412
2025-01-01,B DIVISION,J,2,peak,1915,2219,0.86300135
2025-01-01,B DIVISION,L,1,offpeak,20591,26273,0.78373235
2025-01-01,B DIVISION,L,2,offpeak,6918,8779,0.78801686
2025-01-01,B DIVISION,L,1,peak,11774,16006,0.73559916
2025-01-01,B DIVISION,L,2,peak,3539,4500,0.7864444
2025-01-01,B DIVISION,M,1,offpeak,12592,17091,0.73676205
2025-01-01,B DIVISION,M,2,offpeak,1974,2139,0.92286116
2025-01-01,B DIVISION,M,1,peak,8153,11461,0.711369
2025-01-01,B DIVISION,M,2,peak,1079,1147,0.9407149
2025-01-01,B DIVISION,N,1,offpeak,13163,19737,0.66692
2025-01-01,B DIVISION,N,2,offpeak,4914,6380,0.77021945
2025-01-01,B DIVISION,N,1,peak,7308,11790,0.61984736
2025-01-01,B DIVISION,N,2,peak,2628,3232,0.8131188
2025-01-01,B DIVISION,Q,1,offpeak,10705,14921,0.7174452
2025-01-01,B DIVISION,Q,2,offpeak,3756,4437,0.8465179
2025-01-01,B DIVISION,Q,1,peak,5940,8950,0.66368717
2025-01-01,B DIVISION,Q,2,peak,1953,2283,0.8554534
2025-01-01,B DIVISION,R,1,offpeak,11165,23495,0.47520748
2025-01-01,B DIVISION,R,2,offpeak,5342,6784,0.787441
2025-01-01,B DIVISION,R,1,peak,5412,15339,0.35282612
2025-01-01,B DIVISION,R,2,peak,2900,3647,0.7951741
2025-01-01,B DIVISION,W,1,offpeak,7288,9586,0.7602754
2025-01-01,B DIVISION,W,2,offpeak,275,286,0.96153843
2025-01-01,B DIVISION,W,1,peak,4436,6488,0.6837238
2025-01-01,B DIVISION,W,2,peak,172,186,0.9247312
2025-02-01,A DIVISION,1,1,offpeak,18343,23693,0.7741949
2025-02-01,A DIVISION,1,2,offpeak,6094,7470,0.8157965
2025-02-01,A DIVISION,1,1,peak,11532,15415,0.7481025
2025-02-01,A DIVISION,1,2,peak,2918,3565,0.81851333
2025-02-01,A DIVISION,2,1,offpeak,17923,25886,0.692382
2025-02-01,A DIVISION,2,2,offpeak,6212,8374,0.7418199
2025-02-01,A DIVISION,2,1,peak,10885,16060,0.67777085
2025-02-01,A DIVISION,2,2,peak,3290,4125,0.7975758
2025-02-01,A DIVISION,3,1,offpeak,15591,20458,0.76209795
2025-02-01,A DIVISION,3,2,offpeak,5254,7124,0.73750705
2025-02-01,A DIVISION,3,1,peak,9004,12768,0.7052005
2025-02-01,A DIVISION,3,2,peak,2677,3542,0.7557877
2025-02-01,A DIVISION,4,1,offpeak,21229,28320,0.74961156
2025-02-01,A DIVISION,4,2,offpeak,6524,8672,0.7523063
2025-02-01,A DIVISION,4,1,peak,13998,20441,0.68480015
2025-02-01,A DIVISION,4,2,peak,3415,4726,0.7225984
2025-02-01,A DIVISION,5,1,offpeak,15344,21329,0.7193961
2025-02-01,A DIVISION,5,2,offpeak,3294,3925,0.83923566
2025-02-01,A DIVISION,5,1,peak,11829,17947,0.6591074
2025-02-01,A DIVISION,5,2,peak,1742,2074,0.83992285
2025-02-01,A DIVISION,6,1,offpeak,19969,26363,0.7574631
2025-02-01,A DIVISION,6,2,offpeak,6229,7870,0.7914867
2025-02-01,A DIVISION,6,1,peak,12652,17966,0.7042191
2025-02-01,A DIVISION,6,2,peak,3039,3960,0.7674242
2025-02-01,A DIVISION,7,1,offpeak,12305,15932,0.77234495
2025-02-01,A DIVISION,7,2,offpeak,2937,3264,0.89981616
2025-02-01,A DIVISION,7,1,peak,8443,12834,0.65786195
2025-02-01,A DIVISION,7,2,peak,1679,1846,0.90953416
2025-02-01,A DIVISION,GS,1,offpeak,5607,5699,0.9838568
2025-02-01,A DIVISION,GS,2,offpeak,1814,1923,0.9433177
2025-02-01,A DIVISION,GS,1,peak,3763,3838,0.98045856
2025-02-01,A DIVISION,GS,2,peak,1123,1132,0.99204946
2025-02-01,B DIVISION,A,1,offpeak,13627,18859,0.7225728
2025-02-01,B DIVISION,A,2,offpeak,5281,6926,0.7624892
2025-02-01,B DIVISION,A,1,peak,9250,13669,0.6767137
2025-02-01,B DIVISION,A,2,peak,2859,3603,0.79350543
2025-02-01,B DIVISION,B,1,offpeak,5964,10365,0.57539797
2025-02-01,B DIVISION,B,1,peak,4738,7745,0.61174953
2025-02-01,B DIVISION,C,1,offpeak,9141,13370,0.68369484
2025-02-01,B DIVISION,C,2,offpeak,3561,4328,0.82278186
2025-02-01,B DIVISION,C,1,peak,5068,7189,0.70496595
2025-02-01,B DIVISION,C,2,peak,2029,2484,0.8168277
2025-02-01,B DIVISION,D,1,offpeak,9303,14427,0.6448326
2025-02-01,B DIVISION,D,2,offpeak,3842,5047,0.7612443
2025-02-01,B DIVISION,D,1,peak,5610,8960,0.6261161
2025-02-01,B DIVISION,D,2,peak,1958,2554,0.76664054
2025-02-01,B DIVISION,E,1,offpeak,11596,16234,0.7143033
2025-02-01,B DIVISION,E,2,offpeak,3346,4041,0.8280129
2025-02-01,B DIVISION,E,1,peak,6308,11419,0.5524126
2025-02-01,B DIVISION,E,2,peak,1669,2000,0.8345
2025-02-01,B DIVISION,F,1,offpeak,16657,25792,0.64582044
2025-02-01,B DIVISION,F,2,offpeak,5257,6904,0.76144266
2025-02-01,B DIVISION,F,1,peak,10633,18302,0.58097476
2025-02-01,B DIVISION,F,2,peak,2680,3510,0.76353276
2025-02-01,B DIVISION,FS,1,offpeak,2359,2398,0.98373646
2025-02-01,B DIVISION,FS,2,offpeak,1131,1147,0.98605055
2025-02-01,B DIVISION,FS,1,peak,1360,1366,0.9956076
2025-02-01,B DIVISION,FS,2,peak,647,648,0.9984568
2025-02-01,B DIVISION,G,1,offpeak,9973,12555,0.7943449
2025-02-01,B DIVISION,G,2,offpeak,2837,3452,0.82184243
2025-02-01,B DIVISION,G,1,peak,5392,7003,0.76995575
2025-02-01,B DIVISION,G,2,peak,1456,1802,0.80799115
2025-02-01,B DIVISION,H,1,offpeak,824,830,0.9927711
2025-02-01,B DIVISION,H,2,offpeak,388,396,0.97979796
2025-02-01,B DIVISION,H,1,peak,447,451,0.9911308
2025-02-01,B DIVISION,H,2,peak,211,216,0.9768519
2025-02-01,B DIVISION,J,1,offpeak,9228,11577,0.7970977
2025-02-01,B DIVISION,J,2,offpeak,3577,4062,0.8806007
2025-02-01,B DIVISION,J,1,peak,6006,7789,0.7710874
2025-02-01,B DIVISION,J,2,peak,1908,2158,0.884152
2025-02-01,B DIVISION,L,1,offpeak,17115,22687,0.7543968
2025-02-01,B DIVISION,L,2,offpeak,7152,8895,0.8040472
2025-02-01,B DIVISION,L,1,peak,9815,13801,0.7111803
2025-02-01,B DIVISION,L,2,peak,3726,4589,0.8119416
2025-02-01,B DIVISION,M,1,offpeak,10433,15000,0.69553334
2025-02-01,B DIVISION,M,2,offpeak,896,950,0.9431579
2025-02-01,B DIVISION,M,1,peak,6942,10265,0.6762786
2025-02-01,B DIVISION,M,2,peak,490,511,0.9589041
2025-02-01,B DIVISION,N,1,offpeak,12015,17099,0.70267266
2025-02-01,B DIVISION,N,2,offpeak,4596,6246,0.7358309
2025-02-01,B DIVISION,N,1,peak,6627,10180,0.6509823
2025-02-01,B DIVISION,N,2,peak,2388,3155,0.7568938
2025-02-01,B DIVISION,Q,1,offpeak,9393,12984,0.72342885
2025-02-01,B DIVISION,Q,2,offpeak,4143,5020,0.8252988
2025-02-01,B DIVISION,Q,1,peak,5554,7750,0.7166452
2025-02-01,B DIVISION,Q,2,peak,2203,2583,0.85288423
2025-02-01,B DIVISION,R,1,offpeak,10371,20413,0.5080586
2025-02-01,B DIVISION,R,2,offpeak,5354,6811,0.7860813
2025-02-01,B DIVISION,R,1,peak,4935,13261,0.3721439
2025-02-01,B DIVISION,R,2,peak,2892,3647,0.79298055
2025-02-01,B DIVISION,W,1,offpeak,5562,7535,0.73815525
2025-02-01,B DIVISION,W,2,offpeak,618,726,0.8512397
2025-02-01,B DIVISION,W,1,peak,3678,5593,0.65760773
2025-02-01,B DIVISION,W,2,peak,464,495,0.93737376
2025-03-01,A DIVISION,1,1,offpeak,19675,25440,0.7733884
2025-03-01,A DIVISION,1,2,offpeak,6960,8534,0.8155613
2025-03-01,A DIVISION,1,1,peak,12777,17051,0.74934024
2025-03-01,A DIVISION,1,2,peak,3390,4070,0.8329238
2025-03-01,A DIVISION,2,1,offpeak,19222,28676,0.67031664
2025-03-01,A DIVISION,2,2,offpeak,7357,9773,0.7527883
2025-03-01,A DIVISION,2,1,peak,11993,17996,0.6664259
2025-03-01,A DIVISION,2,2,peak,3686,4875,0.75610256
2025-03-01,A DIVISION,3,1,offpeak,16361,22506,0.7269617
2025-03-01,A DIVISION,3,2,offpeak,6367,7965,0.79937226
2025-03-01,A DIVISION,3,1,peak,10132,14042,0.72154963
2025-03-01,A DIVISION,3,2,peak,3148,3929,0.80122167
2025-03-01,A DIVISION,4,1,offpeak,23491,31317,0.7501038
2025-03-01,A DIVISION,4,2,offpeak,8146,10413,0.78229135
2025-03-01,A DIVISION,4,1,peak,15323,22593,0.6782189
2025-03-01,A DIVISION,4,2,peak,4472,5573,0.80244035
2025-03-01,A DIVISION,5,1,offpeak,16897,23621,0.71533805
2025-03-01,A DIVISION,5,2,offpeak,3442,4375,0.78674287
2025-03-01,A DIVISION,5,1,peak,13181,19836,0.66449887
2025-03-01,A DIVISION,5,2,peak,1838,2228,0.8249551
2025-03-01,A DIVISION,6,1,offpeak,22601,29236,0.77305377
2025-03-01,A DIVISION,6,2,offpeak,6444,7873,0.8184936
2025-03-01,A DIVISION,6,1,peak,14448,19854,0.7277123
2025-03-01,A DIVISION,6,2,peak,3330,3944,0.8443205
2025-03-01,A DIVISION,7,1,offpeak,14168,18559,0.7634032
2025-03-01,A DIVISION,7,2,offpeak,3890,4415,0.8810872
2025-03-01,A DIVISION,7,1,peak,10568,15066,0.70144695
2025-03-01,A DIVISION,7,2,peak,2322,2634,0.881549
2025-03-01,A DIVISION,GS,1,offpeak,6237,6296,0.99062896
2025-03-01,A DIVISION,GS,2,offpeak,2109,2123,0.9934056
2025-03-01,A DIVISION,GS,1,peak,4149,4242,0.9780764
2025-03-01,A DIVISION,GS,2,peak,1230,1240,0.9919355
2025-03-01,B DIVISION,A,1,offpeak,15214,20748,0.7332755
2025-03-01,B DIVISION,A,2,offpeak,5749,7409,0.77594817
2025-03-01,B DIVISION,A,1,peak,10480,15078,0.6950524
2025-03-01,B DIVISION,A,2,peak,2950,3847,0.7668313
2025-03-01,B DIVISION,B,1,offpeak,7684,11581,0.66350055
2025-03-01,B DIVISION,B,1,peak,5441,8543,0.6368957
2025-03-01,B DIVISION,C,1,offpeak,10861,14878,0.730004
2025-03-01,B DIVISION,C,2,offpeak,3582,4664,0.7680103
2025-03-01,B DIVISION,C,1,peak,5882,7957,0.7392233
2025-03-01,B DIVISION,C,2,peak,2037,2605,0.78195775
2025-03-01,B DIVISION,D,1,offpeak,11605,16493,0.7036318
2025-03-01,B DIVISION,D,2,offpeak,4388,5437,0.80706275
2025-03-01,B DIVISION,D,1,peak,6769,9886,0.6847056
2025-03-01,B DIVISION,D,2,peak,2217,2804,0.7906562
2025-03-01,B DIVISION,E,1,offpeak,12789,17742,0.72083193
2025-03-01,B DIVISION,E,2,offpeak,3637,4226,0.86062473
2025-03-01,B DIVISION,E,1,peak,7544,12216,0.61755073
2025-03-01,B DIVISION,E,2,peak,1815,2098,0.8651096
2025-03-01,B DIVISION,F,1,offpeak,19018,29245,0.6502992
2025-03-01,B DIVISION,F,2,offpeak,6089,7674,0.7934584
2025-03-01,B DIVISION,F,1,peak,12833,19848,0.6465639
2025-03-01,B DIVISION,F,2,peak,2996,3822,0.7838828
2025-03-01,B DIVISION,FS,1,offpeak,2565,2615,0.98087955
2025-03-01,B DIVISION,FS,2,offpeak,1176,1185,0.99240506
2025-03-01,B DIVISION,FS,1,peak,1477,1487,0.99327505
2025-03-01,B DIVISION,FS,2,peak,662,670,0.9880597
2025-03-01,B DIVISION,G,1,offpeak,11154,13623,0.81876236
2025-03-01,B DIVISION,G,2,offpeak,4016,5029,0.7985683
2025-03-01,B DIVISION,G,1,peak,6165,7728,0.79774845
2025-03-01,B DIVISION,G,2,peak,2022,2625,0.7702857
2025-03-01,B DIVISION,H,1,offpeak,890,920,0.9673913
2025-03-01,B DIVISION,H,2,offpeak,435,440,0.9886364
2025-03-01,B DIVISION,H,1,peak,489,504,0.9702381
2025-03-01,B DIVISION,H,2,peak,237,240,0.9875
2025-03-01,B DIVISION,J,1,offpeak,10242,12856,0.7966708
2025-03-01,B DIVISION,J,2,offpeak,4063,4881,0.8324114
2025-03-01,B DIVISION,J,1,peak,6440,8548,0.7533926
2025-03-01,B DIVISION,J,2,peak,2171,2613,0.8308458
2025-03-01,B DIVISION,L,1,offpeak,19416,25109,0.7732685
2025-03-01,B DIVISION,L,2,offpeak,7950,10034,0.7923062
2025-03-01,B DIVISION,L,1,peak,11534,15292,0.7542506
2025-03-01,B DIVISION,L,2,peak,4126,5135,0.80350536
2025-03-01,B DIVISION,M,1,offpeak,12214,16728,0.730153
2025-03-01,B DIVISION,M,2,offpeak,1470,1590,0.9245283
2025-03-01,B DIVISION,M,1,peak,8033,11342,0.7082525
2025-03-01,B DIVISION,M,2,peak,782,847,0.92325854
2025-03-01,B DIVISION,N,1,offpeak,12984,18205,0.71321064
2025-03-01,B DIVISION,N,2,offpeak,5467,7086,0.77152133
2025-03-01,B DIVISION,N,1,peak,7501,11252,0.66663706
2025-03-01,B DIVISION,N,2,peak,2820,3580,0.7877095
2025-03-01,B DIVISION,Q,1,offpeak,10004,13924,0.7184717
2025-03-01,B DIVISION,Q,2,offpeak,4562,5595,0.81537086
2025-03-01,B DIVISION,Q,1,peak,6025,8532,0.706165
2025-03-01,B DIVISION,Q,2,peak,2419,2890,0.8370242
2025-03-01,B DIVISION,R,1,offpeak,16010,22162,0.7224077
2025-03-01,B DIVISION,R,2,offpeak,6233,7855,0.79350734
2025-03-01,B DIVISION,R,1,peak,9806,14648,0.66944295
2025-03-01,B DIVISION,R,2,peak,3442,4190,0.82147974
2025-03-01,B DIVISION,W,1,offpeak,7081,8731,0.8110182
2025-03-01,B DIVISION,W,2,offpeak,736,855,0.8608187
2025-03-01,B DIVISION,W,1,peak,4600,6162,0.74651086
2025-03-01,B DIVISION,W,2,peak,434,555,0.781982
